HUC8,site,reach,species,30_60,60_90,90_120,120_150,150_180,180_210,210_240,240plus
UPI,8,1,CRC,5,9,23,10,2,3,,
UPI,8,1,WSU,,,3,3,14,8,6,5
UPI,8,1,CSR,4,28,12,,,,,
UPI,8,1,CSH,,,8,3,,,,
UPI,8,1,GRH,,,,,,,,4
UPI,8,1,GSF,2,4,1,,,,,
UPI,8,1,WBD,,3,1,,,,,
UPI,8,1,SRD,1,,,,,,,
UPI,8,1,FTD,,1,,,,,,
UPI,8,1,LND,,2,,,,,,
UPI,8,1,BNM,6,28,,,,,,
UPI,8,1,FHM,,5,,,,,,
UPI,8,1,SSH,1,5,,,,,,
UPI,8,1,JOD,2,1,,,,,,
UPI,8,2,CSH,,2,,,,,,
UPI,8,2,CSR,,3,49,10,,,,
UPI,8,2,WBD,,1,,,,,,
UPI,8,2,CRC,,2,2,2,,,,
UPI,8,2,FHM,,1,,,,,,
UPI,8,2,SSH,,,1,,,,,
UPI,8,2,WSU,,,1,,,,,
UPI,8,2,JOD,6,2,,,,,,
UPI,8,3,CRC,,1,3,1,2,,,
UPI,8,3,CSR,,5,12,3,8,2,,2
UPI,8,3,WSU,,,1,,5,6,6,5
UPI,8,3,CSH,,1,4,3,,,,
UPI,8,3,WBD,,3,1,,,,,
UPI,8,3,FHM,,1,,,,,,
UPI,8,3,JOD,,2,,,,,,
UPI,8,3,GRH,,,,,,,,1
UPI,13,1,CRC,,,4,15,17,,1,
UPI,13,1,WSU,,,,,,2,,
UPI,13,1,BSB,7,,,,,,,
UPI,13,1,FHM,,3,,,,,,
UPI,13,1,JOD,4,8,,,,,,
UPI,13,1,SRD,,1,,,,,,
UPI,13,1,BNM,,1,,,,,,
UPI,13,2,BSB,11,,,,,,,
UPI,13,2,CRC,,,,8,1,2,,
UPI,13,2,WSU,,,,,,1,,
UPI,13,2,JOD,1,,,,,,,
UPI,13,3,WBD,,,1,,,,,
UPI,13,3,BSB,7,,,,,,,
UPI,13,3,WSU,,,,,,1,,
UPI,13,3,CRC,,,1,4,1,1,,
UPI,18,1,BSB,28,24,,,,,,
UPI,18,1,SLS,,3,,,,,,
UPI,18,2,BSB,18,17,,,,,,
UPI,18,2,SLS,,5,,,,,,
UPI,18,3,BSB,28,14,1,,,,,
UPI,18,3,SLS,,1,,,,,,
UPI,26,1,WSU,,,3,3,13,13,2,1
UPI,26,1,CRC,,7,20,9,7,4,1,
UPI,26,1,WBD,1,19,2,,,,,
UPI,26,1,FTD,21,8,,,,,,
UPI,26,1,CSR,14,58,50,3,,,,
UPI,26,1,BNM,5,8,,,,,,
UPI,26,1,CSH,,2,4,1,,,,
UPI,26,1,SRD,,2,,,,,,
UPI,26,1,JOD,5,1,,,,,,
UPI,26,1,HHC,,1,,,,,,
UPI,26,2,HHC,,,1,,,,,
UPI,26,2,CSH,,8,10,5,1,,,
UPI,26,2,WSU,,,,5,7,2,3,3
UPI,26,2,SRD,,5,5,,,,,
UPI,26,2,CRC,,6,14,11,4,2,,
UPI,26,2,CSR,4,15,26,7,1,,,
UPI,26,2,LND,,1,1,,,,,
UPI,26,2,JOD,3,4,,,,,,
UPI,26,2,BNM,,5,,,,,,
UPI,26,2,WBD,,5,3,,,,,
UPI,26,2,FTD,4,3,,,,,,
UPI,26,3,WSU,,,1,6,15,5,2,3
UPI,26,3,CRC,,2,4,13,4,,,
UPI,26,3,CSH,,9,17,3,3,,,
UPI,26,3,CSR,1,14,48,12,4,,,
UPI,26,3,SRD,,15,,,,,,
UPI,26,3,BNM,,11,,,,,,
UPI,26,3,WBD,3,4,2,,,,,
UPI,26,3,FTD,3,1,,,,,,
UPI,26,3,JOD,1,1,,,,,,
UPI,26,3,BMS,,1,,,,,,
UPI,35,1,Cottus,37,38,6,,,,,
UPI,35,2,Cottus,19,21,4,,,,,
UPI,35,3,Cottus,29,23,7,,,,,
UPI,41,1,CSR,,,,1,,,,
UPI,41,1,BSB,1,,,,,,,
UPI,41,2,WSU,,,,,,,1,
UPI,41,2,JOD,1,,,,,,,
UPI,41,3,BNM,,,1,,,,,
UPI,41,3,WSU,,1,,,,1,,
UPI,41,3,CSR,,,1,,,,,
UPI,41,3,CRC,,,1,,,,,
UPI,41,3,SRD,,1,,,,,,
UPI,41,3,JOD,2,,,,,,,
UPI,41,3,WBD,1,,,,,,,
UPI,48,1,LND,4,3,,,,,,
UPI,48,1,BSB,2,4,,,,,,
UPI,48,1,CRC,28,29,4,2,,,,
UPI,48,1,WBD,,,3,,,,,
UPI,48,1,JOD,6,3,,,,,,
UPI,48,2,LND,2,5,1,,,,,
UPI,48,2,CRC,2,2,,,2,1,,
UPI,48,2,BSB,2,,,,,,,
UPI,48,3,WSU,,,2,,,,,2
UPI,48,3,CRC,2,8,,,,1,,
UPI,48,3,BSB,1,1,,,,,,
UPI,48,3,WBD,,,3,,,,,
UPI,48,3,LND,,2,,,,,,
UPI,57b,1,WSU,,,,,1,,,
UPI,57b,1,BSB,3,,,,,,,
UPI,57b,1,CSR,,,1,,,,,
UPI,57b,2,FHM,1,1,,,,,,
UPI,57b,2,WSU,,,3,,,1,,
UPI,57b,2,CRC,1,,,2,3,2,,
UPI,57b,2,SRD,2,,,,,,,
UPI,57b,2,BSB,1,,,,,,,
UPI,57b,3,WSU,,,,1,,4,,1
UPI,57b,3,CRC,3,,,,,1,,
UPI,57b,3,FHM,1,1,,,,,,
UPI,57b,3,WBD,1,,1,,,,,
UPI,57b,3,BSB,1,,,,,,,
UPI,85,1,Cottus,5,4,,,,,,
UPI,85,2,Cottus,7,11,,,,,,
UPI,85,3,Cottus,10,8,,,,,,
UPI,96,1,WSU,,1,3,,1,,1,4
UPI,96,1,CRC,2,2,,5,4,,,
UPI,96,1,CSR,11,63,8,1,,,,
UPI,96,1,WBD,6,15,,,,,,
UPI,96,1,BNM,,,2,,,,,
UPI,96,1,LND,11,56,5,,,,,
UPI,96,1,JOD,4,1,,,,,,
UPI,96,1,SSH,4,,,,,,,
UPI,96,1,FHM,,1,,,,,,
UPI,96,2,BNM,,8,3,,,,,
UPI,96,2,CRC,1,6,5,2,1,,,
UPI,96,2,CSR,1,7,,,,,,
UPI,96,2,LND,19,58,6,,,,,
UPI,96,2,WSU,,,5,,,,,
UPI,96,2,WBD,1,7,5,,,,,
UPI,96,2,JOD,9,5,,,,,,
UPI,96,3,WBD,,,10,,,,,
UPI,96,3,CRC,,2,,1,,1,,
UPI,96,3,CSR,1,3,2,,,,,
UPI,96,3,JOD,7,5,,,,,,
UPI,96,3,LND,4,4,1,,,,,
UPI,96,3,WSU,,,6,,,,,
UPI,96,3,BNM,1,4,1,,,,,
UPI,108,1,FHM,,6,,,,,,
UPI,108,1,BSB,13,1,,,,,,
UPI,108,1,CRC,1,2,,1,,,,
UPI,108,1,WBD,,2,6,,,,,
UPI,108,1,CSR,,1,,1,,,,
UPI,108,1,JOD,16,4,,,,,,
UPI,108,1,LND,,1,,,,,,
UPI,108,2,WSU,,,2,,,,,2
UPI,108,2,JOD,14,2,,,,,,
UPI,108,2,BSB,2,,,,,,,
UPI,108,2,WBD,,2,,,,,,
UPI,108,2,CRC,2,,,1,2,,1,
UPI,108,3,WBD,,1,,,,,,
UPI,108,3,JOD,2,,,,,,,
UPI,108,3,BSB,2,,,,,,,
UPI,109,1,LND,,1,,,,,,
UPI,117,1,Cottus,7,,,,,,,
UPI,117,2,Cottus,5,4,,,,,,
UPI,117,3,Cottus,4,3,,,,,,
UPI,118,1,CSH,,2,4,5,,,,
UPI,118,1,WSU,,2,,1,6,1,,
UPI,118,1,CRC,,2,,3,,,,
UPI,118,1,CSR,,,4,3,,,,
UPI,118,1,WBD,2,,,,,,,
UPI,118,1,LND,,1,,,,,,
UPI,118,1,JOD,3,,,,,,,
UPI,118,1,FTD,1,,,,,,,
UPI,118,1,SMM,,1,,,,,,
UPI,118,2,CSH,,2,9,9,2,,,
UPI,118,2,WSU,,,1,4,2,2,1,
UPI,118,2,CRC,2,5,2,7,3,,,
UPI,118,2,CSR,,,2,,,,,
UPI,118,2,BMS,,1,,,,,,
UPI,118,2,GRH,,,,,,,,1
UPI,118,2,WBD,4,5,1,,,,,
UPI,118,2,LND,3,3,,,,,,
UPI,118,2,FTD,5,,,,,,,
UPI,118,2,SRD,,1,,,,,,
UPI,118,2,JOD,4,,,,,,,
UPI,118,3,WSU,1,,3,3,7,9,1,
UPI,118,3,CSH,,3,4,1,2,,,
UPI,118,3,CSR,1,5,15,15,,,,
UPI,118,3,CRC,,,,1,1,2,,
UPI,118,3,BNM,5,7,2,,,,,
UPI,118,3,JOD,11,1,,,,,,
UPI,118,3,LND,3,1,2,,,,,
UPI,118,3,WBD,2,,,,,,,
UPI,118,3,FTD,7,,,,,,,
UPI,130,1,Cottus,,3,,,,,,
UPI,130,2,Cottus,5,5,1,,,,,
UPI,130,2,BSB,2,,,,,,,
UPI,130,3,BSB,7,,,,,,,
UPI,130,3,Cottus,,3,,,,,,
UPI,135,1,WSU,,,,,2,4,2,1
UPI,135,1,CRC,,1,9,2,5,,,
UPI,135,1,WBD,,16,5,,,,,
UPI,135,1,SRD,1,1,,,,,,
UPI,135,1,JOD,1,,,,,,,
UPI,135,1,BSB,1,,,,,,,
UPI,135,2,WSU,,,,,1,8,3,
UPI,135,2,CRC,,1,5,12,2,,,
UPI,135,2,SRD,,2,,,,,,
UPI,135,2,WBD,,2,1,,,,,
UPI,135,3,CRC,,,,1,,,,
UPI,135,3,WBD,,,1,,,,,
UPI,157,1,WSU,1,,1,1,,2,10,26
UPI,157,1,Cottus,,12,2,1,,,,
UPI,157,1,FHM,,3,,,,,,
UPI,157,1,CRC,,1,,,,,,
UPI,157,2,WSU,,,,,2,9,13,24
UPI,157,2,FHM,,4,,,,,,
UPI,157,2,Cottus,,5,3,,,,,
UPI,157,2,BSB,1,,,,,,,
UPI,157,3,WSU,,,,1,1,13,19,33
UPI,157,3,FHM,,2,,,,,,
UPI,157,3,BSB,1,,,,,,,
UPI,163,1,Cottus,9,33,4,1,,,,
UPI,163,2,Cottus,5,34,2,,,,,
UPI,163,3,Cottus,4,5,2,,,,,
UPI,34,1,Cottus,,3,2,,,,,
UPI,34,1,WSU,,,5,4,,,2,
UPI,34,1,FHM,19,3,,,,,,
UPI,34,1,CSR,,1,,,,,,
UPI,34,1,JOD,1,1,,,,,,
UPI,34,1,BSB,1,,,,,,,
UPI,34,2,FHM,28,10,,,,,,
UPI,34,3,Cottus,,5,,,,,,
YEL,1,1,WSU,2,16,5,,18,13,8,2
YEL,1,1,CRC,3,2,5,4,5,2,,1
YEL,1,1,WBD,1,15,4,,,,,
YEL,1,1,CSR,,1,,,,,,
YEL,1,1,FTD,6,5,,,,,,
YEL,1,1,JOD,8,,,,,,,
YEL,1,1,LND,,1,,,,,,
YEL,1,2,WSU,,1,,1,10,11,4,11
YEL,1,2,CRC,,,,,,1,,
YEL,1,2,WBD,,3,1,,,,,
YEL,1,2,JOD,1,,,,,,,
YEL,1,3,WSU,1,4,,3,13,14,4,21
YEL,1,3,CRC,,2,3,2,2,1,1,2
YEL,1,3,WBD,1,9,1,,,,,
YEL,40,1,WSU,,,,,,,,75
YEL,40,2,WSU,,,,,,,,33
YEL,40,3,WSU,,,,,,4,4,13
YEL,40,3,FTD,2,1,,,,,,
YEL,40,3,LND,,6,1,,,,,
YEL,41,1,CRC,2,13,14,7,6,5,,
YEL,41,1,LMB,3,1,,,,,,
YEL,41,1,WSU,,1,10,7,,2,2,1
YEL,41,1,CSH,,4,4,3,,,,
YEL,41,1,LND,,6,2,,,,,
YEL,41,1,CSR,,1,1,,1,,,
YEL,41,1,FTD,25,6,,,,,,
YEL,41,1,WBD,,5,7,,,,,
YEL,41,1,PPS,,,,1,,,,
YEL,41,1,BLG,,1,,,,,,
YEL,41,1,JOD,19,2,,,,,,
YEL,41,2,CSR,2,3,1,,,,,
YEL,41,2,WSU,,,2,6,,,1,
YEL,41,2,CRC,2,5,9,3,9,,,
YEL,41,2,WBD,,3,10,1,,,,
YEL,41,2,CSH,,,,1,,,,
YEL,41,2,LND,,5,,,,,,
YEL,41,2,FHM,4,4,,,,,,
YEL,41,2,FTD,14,1,,,,,,
YEL,41,2,LMB,1,,,,,,,
YEL,41,2,JOD,1,1,,,,,,
YEL,41,3,FHM,1,2,,,,,,
YEL,41,3,FTD,18,1,,,,,,
YEL,41,3,CRC,1,5,3,3,4,,,
YEL,41,3,WSU,,,8,7,1,,,
YEL,41,3,LND,,2,1,,,,,
YEL,41,3,WBD,,3,4,,,,,
YEL,41,3,CSH,,1,1,,,,,
YEL,41,3,JOD,1,,,,,,,
YEL,52,1,WBD,,,3,,,,,
YEL,52,2,CRC,,1,,1,,,,
YEL,52,2,WBD,,2,1,,,,,
YEL,52,2,BSB,1,,,,,,,
YEL,52,3,BSB,10,1,,,,,,
YEL,52,3,CRC,,,1,,,,,
YEL,52,3,SRD,,1,,,,,,
YEL,52,3,FHM,2,1,,,,,,
YEL,56,1,WSU,,,7,4,,,,
YEL,56,1,CSH,2,2,,1,,,,
YEL,56,1,CSR,,2,1,,,,,
YEL,56,1,LND,,24,,,,,,
YEL,56,1,JOD,1,,,,,,,
YEL,56,1,FTD,2,1,,,,,,
YEL,56,2,LND,,39,2,,,,,
YEL,56,2,WBD,,1,,,,,,
YEL,56,2,FTD,4,1,,,,,,
YEL,56,2,CSR,,7,2,,,,,
YEL,56,2,CRC,,1,1,,,,,
YEL,56,2,CSH,,1,,,,,,
YEL,56,3,WSU,,,,1,,,,
YEL,56,3,LND,,26,3,,,,,
YEL,56,3,FTD,3,4,,,,,,
YEL,56,3,CRC,,1,,,,,,
YEL,57,1,WSU,,,1,6,6,5,,2
YEL,57,1,CRC,,,3,4,3,,,
YEL,57,1,CSH,,5,12,2,,,,
YEL,57,1,HHC,,,,2,2,1,,
YEL,57,1,CSR,,14,9,12,,,,
YEL,57,1,SRD,,3,,,,,,
YEL,57,1,WBD,,5,5,,,,,
YEL,57,1,JOD,,1,,,,,,
YEL,57,1,BNM,,1,,,,,,
YEL,57,2,CSR,1,9,10,3,,,,
YEL,57,2,WSU,,,,2,,2,,
YEL,57,2,LMB,,,,,1,,,
YEL,57,2,SRD,2,12,,,,,,
YEL,57,2,CRC,1,2,,,,,,
YEL,65,1,WSU,,,,,,,2,
YEL,65,1,CRC,1,2,2,1,,,,
YEL,65,1,FTD,4,,,,,,,
YEL,65,1,FHM,1,,,,,,,
YEL,65,1,CSR,,1,,,,,,
YEL,65,1,LND,2,,,,,,,
YEL,65,2,CRC,,2,3,,,2,,
YEL,65,2,WSU,,,,,,1,1,3
YEL,65,2,WBD,,1,1,,,,,
YEL,65,2,CSR,,2,,,,,,
YEL,65,2,LND,,,1,,,,,
YEL,65,3,CRC,1,3,7,7,4,,1,
YEL,65,3,WSU,,,,,,,2,
YEL,65,3,CSH,,,,3,,,,
YEL,65,3,CSR,,4,2,1,,,,
YEL,73,1,WBD,,1,1,,,,,
YEL,73,1,WSU,,,2,,10,6,2,1
YEL,73,1,BLG,,2,5,,,1,,
YEL,73,1,CSH,,1,11,3,,,,
YEL,73,1,LMB,,,,,,1,,
YEL,73,1,CRC,1,,2,2,,,,
YEL,73,1,SRD,,1,,,,,,
YEL,73,1,HHC,1,,1,,,,,
YEL,73,1,FTD,1,1,,,,,,
YEL,73,1,JOD,,1,,,,,,
YEL,73,1,CSR,1,,,,,,,
YEL,73,2,WSU,,,,,1,4,1,1
YEL,73,2,CSH,,2,1,3,,,,
YEL,73,2,HHC,,2,3,1,,,,
YEL,73,2,CRC,,4,6,5,,,,
YEL,73,2,BLG,1,1,3,,,,,
YEL,73,2,WBD,,5,,,,,,
YEL,73,2,SRD,,1,,,,,,
YEL,73,2,FTD,3,1,,,,,,
YEL,73,2,CSR,2,5,3,,,,,
YEL,73,2,LND,,3,,,,,,
YEL,73,2,JOD,,1,,,,,,
YEL,73,3,WSU,,,,,2,5,4,
YEL,73,3,CRC,1,2,7,3,1,,,
YEL,73,3,CSH,,,2,,,,,
YEL,73,3,BLG,,,1,,,,,
YEL,73,3,SRD,,2,,,,,,
YEL,73,3,CSR,,1,,,,,,
YEL,77,1,WSU,,1,7,3,2,4,,
YEL,77,1,CRC,1,9,4,13,1,,,
YEL,77,1,BNM,,1,,,,,,
YEL,77,1,LND,3,27,,,,,,
YEL,77,1,SRD,1,4,,,,,,
YEL,77,1,WBD,,13,5,,,,,
YEL,77,1,CSH,,,3,3,,,,
YEL,77,1,CSR,,,1,3,,,,
YEL,77,1,FTD,10,2,,,,,,
YEL,77,1,FHM,,1,,,,,,
YEL,77,2,WSU,,,8,,1,6,1,2
YEL,77,2,CRC,2,1,3,6,,,,
YEL,77,2,CSR,,1,2,3,,,,
YEL,77,2,BNM,1,,,,,,,
YEL,77,2,FTD,6,1,,,,,,
YEL,77,2,JOD,1,,,,,,,
YEL,77,2,LND,1,1,,,,,,
YEL,77,2,SRD,1,,,,,,,
YEL,77,3,WSU,,1,5,2,2,1,2,
YEL,77,3,CRC,3,4,1,4,1,,,
YEL,77,3,CSR,,4,5,3,,,,
YEL,77,3,CSH,,,3,1,,,,
YEL,77,3,LND,2,26,2,,,,,
YEL,77,3,WBD,,1,2,,,,,
YEL,77,3,BNM,1,,,,,,,
YEL,77,3,FTD,28,,,,,,,
YEL,77,3,SRD,1,,,,,,,
YEL,80,1,Cottus,,1,1,,,,,
YEL,80,1,BSB,6,,,,,,,
YEL,80,2,Cottus,,2,1,,,,,
YEL,80,2,BSB,6,1,,,,,,
YEL,80,3,Cottus,,1,,,,,,
YEL,80,3,BSB,5,,,,,,,
YEL,82,2,Cottus,,7,1,,,,,
YEL,82,3,Cottus,1,42,1,,,,,
YEL,101,1,JOD,23,1,,,,,,
YEL,101,1,WBD,24,11,,,,,,
YEL,101,1,FTD,10,1,,,,,,
YEL,101,1,BSB,6,,,,,,,
YEL,101,1,FHM,1,,,,,,,
YEL,101,1,BMS,1,,,,,,,
YEL,101,2,WSU,,,,,1,2,,
YEL,101,2,CRC,,2,,2,1,,,
YEL,101,2,FTD,14,,,,,,,
YEL,101,2,JOD,16,,,,,,,
YEL,101,2,WBD,11,5,,,,,,
YEL,101,2,BSB,1,,,,,,,
YEL,101,2,BMS,1,,,,,,,
YEL,101,3,CRC,2,24,13,8,8,1,,
YEL,101,3,WSU,,,1,,2,1,,
YEL,101,3,FTD,35,,,,,,,
YEL,101,3,SRD,2,7,,,,,,
YEL,101,3,WBD,43,15,3,,,,,
YEL,101,3,JOD,11,1,,,,,,
YEL,119,1,WSU,5,13,16,2,,,,2
YEL,119,1,CRC,11,46,9,2,1,,,
YEL,119,1,FHM,12,14,,,,,,
YEL,119,1,LND,,4,,,,,,
YEL,119,1,LMB,,4,,,,,,
YEL,119,1,BSB,3,,,,,,,
YEL,119,1,CSR,1,4,2,1,,,,
YEL,119,1,WBD,1,6,,,,,,
YEL,119,2,WSU,1,6,13,1,,,,1
YEL,119,2,LMB,,4,,,,,,
YEL,119,2,CRC,,13,2,,,,,
YEL,119,2,CSR,,3,,,,,,
YEL,119,2,WBD,2,2,,,,,,
YEL,119,2,LND,,3,,,,,,
YEL,119,3,CRC,6,45,7,,,,,
YEL,119,3,WSU,1,8,4,1,2,,1,
YEL,119,3,LMB,,6,1,,,,,
YEL,119,3,WBD,,14,,,,,,
YEL,119,3,CSR,,4,,,,,,
YEL,119,3,LND,,2,,,,,,
YEL,119,3,FHM,2,,,,,,,
YEL,120,1,WSU,1,1,1,,,,,
YEL,120,1,BLG,,2,2,,,,,
YEL,120,1,CRC,4,2,1,,,,,
YEL,120,1,LND,,5,,,,,,
YEL,120,1,FHM,3,,,,,,,
YEL,120,2,GSF,,,,1,,,,
YEL,120,2,WSU,,,1,,,,,
YEL,120,2,LND,,1,,,,,,
YEL,120,3,LND,,4,,,,,,
YEL,120,3,WSU,,,,,1,,,5
YEL,120,3,BLG,,,,,1,,,
YEL,120,3,FHM,1,,,,,,,
YEL,129,1,CRC,,,5,4,2,3,,
YEL,129,1,WSU,,,,,,1,1,
YEL,129,1,CSR,,,1,,,,,
YEL,129,1,BSB,3,2,,,,,,
YEL,129,1,SRD,,1,,,,,,
YEL,129,2,WSU,,,,,,,,3
YEL,129,2,CRC,,,,1,1,1,,
YEL,129,2,BSB,4,1,,,,,,
YEL,129,2,JOD,,2,,,,,,
YEL,129,3,WSU,,,,,,,1,
YEL,129,3,CRC,,,,2,,,,
YEL,129,3,WMD,,1,,,,,,
YEL,129,3,BSB,,2,,,,,,
YEL,161,1,WSU,,26,51,1,,1,8,5
YEL,161,1,WBD,2,42,3,,,,,
YEL,161,1,CRC,14,23,3,2,3,1,1,
YEL,161,1,CSR,,5,2,1,,,,
YEL,161,1,FTD,61,1,,,,,,
YEL,161,1,SRD,1,1,,,,,,
YEL,161,1,JOD,6,4,,,,,,
YEL,161,1,LND,,1,,,,,,
YEL,161,2,WSU,,15,11,1,1,17,10,28
YEL,161,2,CRC,7,10,,1,,,,
YEL,161,2,FTD,47,3,,,,,,
YEL,161,2,JOD,10,,,,,,,
YEL,161,2,WBD,,10,3,,,,,
YEL,161,2,CSR,,2,1,,,,,
YEL,161,2,FHM,2,,,,,,,
YEL,161,2,SRD,,1,,,,,,
YEL,161,3,WSU,,15,9,1,1,1,11,7
YEL,161,3,CRC,1,4,1,,1,,,
YEL,161,3,FHM,2,6,,,,,,
YEL,161,3,JOD,4,1,,,,,,
YEL,161,3,FTD,3,,,,,,,
YEL,161,3,WBD,,1,,,,,,
YEL,178,1,WSU,,,3,1,,,,1
YEL,178,1,LND,,10,,,,,,
YEL,178,1,ABL,,,,,,1,,
YEL,178,1,CRC,,,,1,,,,
YEL,178,1,BSB,1,,,,,,,
YEL,178,2,WSU,,,,,,,,3
YEL,178,2,LND,,15,,,,,,
YEL,178,2,FTD,,1,,,,,,
YEL,178,2,GSF,,,,1,,,,
YEL,178,2,SCULPIN,,,1,,,,,
YEL,178,3,SCULPIN,,3,3,,,,,
YEL,178,3,LND,,2,,,,,,
YEL,201,1,WSU,,,,,,,,4
YEL,201,1,FTD,1,,,,,,,
YEL,201,1,BSB,1,,,,,,,
YEL,201,2,MTS,,3,1,,,,,
YEL,201,2,WSU,,,,,,,,1
YEL,201,3,WSU,,,,,,1,,1
YEL,201,3,MTS,,,1,,,,,
YEL,202,1,SRD,,2,,,,,,
YEL,202,1,CRC,,5,3,6,1,2,,
YEL,202,1,WBD,,,2,,,,,
YEL,202,1,BSB,3,,,,,,,
YEL,202,1,FTD,1,1,,,,,,
YEL,202,2,CRC,,2,2,5,,,,
YEL,202,2,WBD,,1,3,,,,,
YEL,202,2,SRD,,,,,1,,,
YEL,202,2,FHM,1,,,,,,,
YEL,202,3,CRC,,4,2,3,2,,,
YEL,202,3,SRD,,1,,,,,,
YEL,202,3,BSB,,2,,,,,,
YEL,202,3,WBD,,,1,,,,,
YEL,202,3,FHM,1,1,,,,,,
LMAQ,5,1,WBD,107,20,6,,,,,
LMAQ,5,1,FTD,12,2,,,,,,
LMAQ,5,1,BSB,16,,,,,,,
LMAQ,5,1,CRC,6,1,,1,,,,
LMAQ,5,2,WBD,43,30,11,,,,,
LMAQ,5,2,FTD,4,5,,,,,,
LMAQ,5,2,BSB,16,,,,,,,
LMAQ,5,2,CRC,3,1,5,17,4,,,
LMAQ,5,2,WSU,1,,,,,,,
LMAQ,5,2,SRD,,3,,,,,,
LMAQ,5,2,CSR,,,1,,,,,
LMAQ,5,3,CRC,9,7,1,18,2,,,
LMAQ,5,3,WBD,46,14,9,,,,,
LMAQ,5,3,SRD,1,14,,,,,,
LMAQ,5,3,FTD,5,1,,,,,,
LMAQ,5,3,BSB,5,1,,,,,,
LMAQ,5,3,CSR,,,2,1,,,,
LMAQ,17,1,CRC,2,4,9,3,1,,,
LMAQ,17,1,WSU,,,3,,,,,
LMAQ,17,1,BLG,15,,,,,,,
LMAQ,17,1,Cottus,22,65,4,,,,,
LMAQ,17,1,WBD,,11,,,,,,
LMAQ,17,1,SRD,,2,,,,,,
LMAQ,17,1,LND,,2,,,,,,
LMAQ,17,2,Cottus,28,73,10,,,,,
LMAQ,17,2,WBD,,19,1,,,,,
LMAQ,17,2,CRC,,,1,,,,,
LMAQ,17,2,BLG,1,,,,,,,
LMAQ,17,3,CRC,,1,2,1,,,,
LMAQ,17,3,Cottus,24,48,3,,,,,
LMAQ,17,3,WBD,,6,,,,,,
LMAQ,17,3,BLG,2,,,,,,,
LMAQ,28b,1,CRC,1,2,3,3,,,,
LMAQ,28b,1,CSR,,1,,,,,,
LMAQ,28b,1,BSB,2,,,,,,,
LMAQ,28b,1,FTD,1,,,,,,,
LMAQ,28b,2,WSU,,,,1,,,,
LMAQ,28b,2,CRC,2,3,3,1,,,,
LMAQ,28b,2,WBD,,,2,,,,,
LMAQ,28b,2,SRD,,1,,,,,,
LMAQ,28b,3,FTD,3,2,,,,,,
LMAQ,28b,3,CRC,2,3,,1,,1,,
LMAQ,28b,3,WSU,11,,,1,,,,
LMAQ,28b,3,WBD,,,1,,,,,
LMAQ,61,1,WBD,3,18,3,,,,,
LMAQ,61,1,FTD,46,2,,,,,,
LMAQ,61,1,CSH,,1,2,1,,,,
LMAQ,61,1,CRC,1,3,1,1,1,2,1,
LMAQ,61,1,WSU,,3,3,4,2,1,1,1
LMAQ,61,1,CSR,10,37,23,,,,,
LMAQ,61,1,LND,,5,3,,,,,
LMAQ,61,1,LMB,1,3,,,,,,
LMAQ,61,1,GSF,,3,2,,,,,
LMAQ,61,1,SSH,17,21,,,,,,
LMAQ,61,1,BNM,9,4,,,,,,
LMAQ,61,2,WSU,2,2,1,4,6,3,5,2
LMAQ,61,2,CRC,1,3,3,5,2,,,
LMAQ,61,2,LMB,,2,,,,,,
LMAQ,61,2,CSH,,,1,,,,,
LMAQ,61,2,CSR,1,33,18,1,,,,
LMAQ,61,2,GSF,,4,1,,,,,
LMAQ,61,2,WBD,6,13,,,,,,
LMAQ,61,2,LND,,8,,,,,,
LMAQ,61,2,BNM,3,9,7,,,,,
LMAQ,61,2,FTD,26,3,,,,,,
LMAQ,61,3,WSU,,,1,,5,2,3,6
LMAQ,61,3,CRC,,2,,2,1,,,
LMAQ,61,3,GSF,,1,1,,,,,
LMAQ,61,3,LMB,,,1,,,,,
LMAQ,61,3,CSR,1,2,1,,,,,
LMAQ,61,3,FTD,4,1,,,,,,
LMAQ,61,3,LND,,4,,,,,,
LMAQ,61,3,WBD,,1,,,,,,
LMAQ,61,3,SSH,1,,,,,,,
UPI,25,1,BSB,22,1,,,,,,
UPI,25,1,FHM,34,8,,,,,,
UPI,25,1,CSR,1,5,,,,,,
UPI,25,1,JOD,2,2,,,,,,
UPI,25,1,CRC,4,15,,,,,,
UPI,25,1,SRD,3,1,,,,,,
UPI,25,1,WSU,2,2,,,,,,
UPI,25,1,WBD,4,,1,,,,,
UPI,25,2,WSU,,3,2,2,1,2,,
UPI,25,2,BSB,5,1,,,,,,
UPI,25,2,JOD,5,2,,,,,,
UPI,25,2,FHM,1,5,,,,,,
UPI,25,2,CRC,,1,,,,,,
UPI,25,3,WSU,,6,2,,,4,2,26
UPI,25,3,CRC,1,8,,,,,1,
UPI,25,3,FHM,4,3,,,,,,
UPI,25,3,BSB,7,,,,,,,
UPI,25,3,LMB,,,,1,,,,
UPI,28,1,Cottus,,1,1,,,,,
UPI,28,1,CRC,4,2,1,,1,,,
UPI,28,1,LMB,,,,,3,,,
UPI,28,1,WSU,,,,,,,1,6
UPI,28,2,SHR,,,,,,,,2
UPI,28,2,CRC,7,7,1,1,2,,,
UPI,28,2,WSU,4,4,,3,,,1,1
UPI,28,2,CSR,2,1,,,,,,
UPI,28,2,LND,,1,,,,,,
UPI,28,2,LMB,,,,,1,,,
UPI,28,3,CRC,30,11,4,2,1,3,,
UPI,28,3,LMB,,,,,3,,,
UPI,28,3,WSU,1,2,1,2,2,3,5,9
UPI,28,3,CSR,12,4,12,1,,,,
UPI,28,3,WBD,,1,,,,,,
UPI,28,3,LND,,2,,,,,,
UPI,28,3,SHR,,,,,,,,1
UPI,28,3,GRH,,,,,,,,1
UPI,70,1,CRC,,2,1,,,,,
UPI,70,1,WSU,,,,,1,,,
UPI,70,1,BSB,50,,,,,,,
UPI,70,1,Cottus,,1,,,,,,
UPI,70,2,FHM,5,9,,,,,,
UPI,70,2,BSB,43,1,,,,,,
UPI,70,2,CRC,,21,11,3,,,,
UPI,70,2,WSU,,3,3,1,,,,
UPI,70,2,JOD,3,,,,,,,
UPI,70,3,BSB,30,,,,,,,
UPI,70,3,FHM,1,,,,,,,
UPI,70,3,CRC,,1,1,,,,,
UPI,70,3,Cottus,1,,,,,,,
UPI,73,1,Cottus,,31,5,,,,,
UPI,73,2,Cottus,13,141,11,,,,,
UPI,73,2,Cottus,1,12,2,,,,,
UPI,73,3,BSB,2,,,,,,,
UPI,73,3,Cottus,3,20,4,,,,,
UPI,112,1,CRC,,3,11,11,2,,,1
UPI,112,1,WBD,,3,5,,,,,
UPI,112,1,CSR,,,6,1,,,,
UPI,112,1,SRD,,7,,,,,,
UPI,112,1,FHM,,1,,,,,,
UPI,112,1,WSU,,,,1,5,1,,
UPI,112,1,BNM,,2,,,,,,
UPI,112,1,JOD,1,,,,,,,
UPI,112,1,LND,,,1,,,,,
UPI,112,2,CRC,2,8,18,6,4,,,
UPI,112,2,WBD,,2,2,,,,,
UPI,112,2,WSU,,,,,2,1,,2
UPI,112,2,CSR,1,25,,,,,,
UPI,112,2,BNM,,4,,,,,,
UPI,112,2,FHM,,2,,,,,,
UPI,112,2,JOD,3,2,,,,,,
UPI,112,3,CRC,,10,13,11,1,,,
UPI,112,3,CSR,,13,11,4,,,,
UPI,112,3,WSU,,,,1,4,,,
UPI,112,3,BMS,1,2,,,,,,
UPI,112,3,WBD,2,5,2,,,,,
UPI,112,3,BNM,1,4,,,,,,
UPI,112,3,FHM,,1,,,,,,
UPI,112,3,LND,,1,,,,,,
UPI,112,3,JOD,6,1,,,,,,
UPI,112,3,BSB,1,,,,,,,
UPI,151,2,MTS,,1,,,,,,
UPI,153,1,Cottus,3,28,1,,,,,
UPI,153,1,Cottus,1,2,,,,,,
UPI,153,1,JOD,5,1,,,,,,
UPI,153,1,BSB,2,,,,,,,
UPI,153,2,Cottus,,4,,,,,,
UPI,153,2,Cottus,4,20,,,,,,
UPI,153,3,Cottus,6,50,2,,,,,
UPI,153,3,Cottus,,3,1,,,,,
UPI,153,3,BSB,1,,,,,,,
UPI,153,3,ABL,,,,,1,,,
UPI,165,1,WSU,2,6,3,1,6,7,7,7
UPI,165,1,CRC,1,2,,,1,,,
UPI,165,1,BSB,6,2,,,,,,
UPI,165,1,FHM,11,7,,,,,,
UPI,165,1,WBD,1,,3,,,,,
UPI,165,1,FTD,1,,,,,,,
UPI,165,1,JOD,2,,,,,,,
UPI,165,1,SRD,1,,,,,,,
UPI,165,2,WSU,,8,7,,3,9,4,5
UPI,165,2,SRD,,9,,,,,,
UPI,165,2,CRC,1,,1,1,1,1,,
UPI,165,2,BSB,3,,,,,,,
UPI,165,2,FHM,7,3,,,,,,
UPI,165,2,JOD,5,,,,,,,
UPI,165,2,CSR,,1,,,,,,
UPI,165,2,WBD,,1,4,,,,,
UPI,165,3,WSU,1,13,3,5,9,8,3,7
UPI,165,3,FHM,3,7,,,,,,
UPI,165,3,CRC,,1,,1,,,,
UPI,165,3,SRD,1,5,,,,,,
UPI,165,3,BSB,2,,,,,,,
UPI,165,3,WBD,,4,12,,,,,
UPI,165,3,CSR,,1,1,2,,,,
UPI,165,3,JOD,2,,,,,,,
YEL,9,1,WBD,42,122,23,,,,,
YEL,9,1,SRD,26,126,2,,,,,
YEL,9,1,CRC,21,33,11,6,9,,1,
YEL,9,1,WSU,,1,2,9,1,10,12,18
YEL,9,1,BMS,2,63,1,,,,,
YEL,9,1,FTD,63,1,,,,,,
YEL,9,1,FHM,7,,,,,,,
YEL,9,1,CSR,18,52,17,17,,,,
YEL,9,1,CSH,,4,6,8,4,,,
YEL,9,1,BNM,2,1,2,,,,,
YEL,9,1,JOD,4,,,,,,,
YEL,9,1,BSB,2,,,,,,,
YEL,9,1,HHC,,,1,,,,,
YEL,9,1,LND,,1,,,,,,
YEL,9,2,WSU,,,1,7,2,7,5,
YEL,9,2,CSR,7,37,47,12,1,,,
YEL,9,2,FTD,107,5,,,,,,
YEL,9,2,CRC,4,9,6,7,4,,,
YEL,9,2,CSH,,3,12,5,,,,
YEL,9,2,WBD,11,77,12,,,,,
YEL,9,2,SRD,6,38,1,,,,,
YEL,9,2,BNM,,2,,,,,,
YEL,9,2,JOD,,1,,,,,,
YEL,9,2,BMS,1,7,,,,,,
YEL,9,2,LND,,1,,,,,,
YEL,9,3,FTD,45,1,,,,,,
YEL,9,3,CRC,,7,2,,2,1,1,
YEL,9,3,WBD,2,17,,,,,,
YEL,9,3,JOD,4,1,,,,,,
YEL,9,3,SRD,,5,,,,,,
YEL,9,3,WSU,,,,,1,5,2,3
YEL,9,3,CSH,,2,,1,,,,
YEL,44,1,CRC,1,10,,7,,1,,
YEL,44,1,WBD,16,45,7,,,,,
YEL,44,1,SRD,6,13,,,,,,
YEL,44,1,WSU,,1,2,2,,1,,
YEL,44,2,CRC,,1,,,,,1,
YEL,44,2,SRD,1,14,,,,,,
YEL,44,2,WBD,,22,,,,,,
YEL,44,3,WBD,,4,5,,,,,
YEL,44,3,SRD,2,3,,,,,,
YEL,49,1,WBD,1,36,7,,,,,
YEL,49,1,LND,,17,3,,,,,
YEL,49,1,SRD,,1,,,,,,
YEL,49,1,CRC,,1,1,1,1,,,
YEL,49,1,FTD,9,,,,,,,
YEL,49,1,WSU,,,1,,2,,,
YEL,49,1,CSR,,3,1,,,,,
YEL,49,2,WSU,,,,,1,1,,1
YEL,49,2,CRC,1,6,19,3,1,1,,
YEL,49,2,CSR,2,25,8,,,,,
YEL,49,2,WBD,2,24,2,,,,,
YEL,49,2,FTD,11,,,,,,,
YEL,49,2,LND,1,11,1,,,,,
YEL,49,2,FHM,,1,,,,,,
YEL,49,3,WSU,,,,,3,,1,
YEL,49,3,CRC,,1,8,10,1,,,
YEL,49,3,WBD,1,19,1,,,,,
YEL,49,3,LND,,13,5,,,,,
YEL,49,3,FTD,15,,,,,,,
YEL,49,3,CSR,2,7,4,,,,,
YEL,50,1,LND,11,3,,,,,,
YEL,50,1,BLB,,,,1,,,,
YEL,50,1,WBD,,4,,,,,,
YEL,50,1,WSU,2,,,,,,,
YEL,50,1,FHM,1,,,,,,,
YEL,50,1,FTD,1,,,,,,,
YEL,50,2,FTD,,2,,,,,,
YEL,50,2,WBD,2,4,,,,,,
YEL,50,2,FHM,1,,,,,,,
YEL,50,2,LND,9,5,,,,,,
YEL,50,2,WSU,1,,,,,,,
YEL,50,3,WBD,,5,,,,,,
YEL,50,3,FTD,,2,,,,,,
YEL,50,3,LND,,3,,,,,,
YEL,50,3,SRD,,1,,,,,,
YEL,50,3,WSU,1,,,,,,,
YEL,50,3,CRC,1,,,,,,,
YEL,54,1,CRC,4,14,16,2,4,2,,
YEL,54,1,WSU,,,1,8,9,3,1,1
YEL,54,1,LND,1,27,3,,,,,
YEL,54,1,SRD,4,24,,,,,,
YEL,54,1,BNM,,7,5,,,,,
YEL,54,1,CSR,3,54,29,6,10,,,
YEL,54,1,CSH,1,1,,,,,,
YEL,54,1,FHM,1,1,0,,,,,
YEL,54,1,WBD,3,37,1,,,,,
YEL,54,1,FTD,20,3,,,,,,
YEL,54,1,JOD,2,1,,,,,,
YEL,54,1,HHC,,,1,,2,,,
YEL,54,1,BMS,,5,,,,,,
YEL,54,1,SSH,,2,,,,,,
YEL,54,2,BNM,1,7,2,,,,,
YEL,54,2,CSH,,36,39,3,1,,,
YEL,54,2,WSU,,1,1,6,16,1,,
YEL,54,2,CRC,2,10,20,5,1,,,
YEL,54,2,CSR,2,43,11,,,,,
YEL,54,2,SRD,5,18,,,,,,
YEL,54,2,BMS,,14,,,,,,
YEL,54,2,WBD,6,26,,,,,,
YEL,54,2,LND,,17,,,,,,
YEL,54,2,FTD,5,,,,,,,
YEL,54,2,JOD,4,,,,,,,
YEL,54,3,CRC,5,14,12,7,2,,,
YEL,54,3,WSU,,,,6,9,7,1,
YEL,54,3,BNM,1,2,1,,,,,
YEL,54,3,CSR,2,18,5,,,,,
YEL,54,3,CSH,,4,13,5,2,,,
YEL,54,3,SRD,5,9,,,,,,
YEL,54,3,FTD,31,2,,,,,,
YEL,54,3,BMS,4,8,,,,,,
YEL,54,3,LND,1,12,2,,,,,
YEL,54,3,WBD,2,18,,,,,,
YEL,54,3,JOD,1,,,,,,,
YEL,58,1,CRC,,5,6,2,1,,,
YEL,58,1,CSH,,4,8,2,,,,
YEL,58,1,CSR,3,2,2,,,,,
YEL,58,1,WSU,,,1,,4,4,,
YEL,58,1,WBD,3,14,1,,,,,
YEL,58,1,BMS,1,12,,,,,,
YEL,58,1,BNM,,1,,,,,,
YEL,58,1,LND,,3,,,,,,
YEL,58,1,JOD,1,1,,,,,,
YEL,58,1,SSH,,1,,,,,,
YEL,58,1,SRD,1,,,,,,,
YEL,58,2,WSU,,,2,1,20,16,5,
YEL,58,2,CSH,,3,10,3,3,,,
YEL,58,2,CRC,,6,9,8,4,,,
YEL,58,2,WBD,,20,,,,,,
YEL,58,2,HHC,,,1,,,,,
YEL,58,2,BMS,1,6,,,,,,
YEL,58,2,LND,,4,,,,,,
YEL,58,2,SRD,,1,,,,,,
YEL,58,2,GSF,1,,,,,,,
YEL,58,2,CSR,,3,1,,1,,,
YEL,58,2,FHM,3,3,,,,,,
YEL,58,2,JOD,1,,,,,,,
YEL,58,2,BNM,1,,,,,,,
YEL,58,2,FTD,1,,,,,,,
YEL,58,3,CRC,,4,5,1,1,,,
YEL,58,3,WBD,,15,,,,,,
YEL,58,3,CSH,,1,5,,,,,
YEL,58,3,WSU,,,,3,1,4,,1
YEL,58,3,CSR,1,11,6,2,,,,
YEL,58,3,JOD,2,2,,,,,,
YEL,58,3,LND,,11,,,,,,
YEL,58,3,BNM,,1,,,,,,
YEL,58,3,BMS,1,6,,,,,,
YEL,58,3,FTD,2,,,,,,,
YEL,58,3,FHM,,1,,,,,,
YEL,85,1,CRC,14,12,6,2,1,,,
YEL,85,1,WBD,22,1,,,,,,
YEL,85,1,CSR,63,44,2,,,,,
YEL,85,1,JOD,6,,,,,,,
YEL,85,1,SRD,3,,,,,,,
YEL,85,1,CSH,,1,,,,,,
YEL,85,2,CRC,14,13,3,,1,1,,
YEL,85,2,WBD,26,14,5,,,,,
YEL,85,2,SRD,2,3,,,,,,
YEL,85,2,CSR,8,4,,,,,,
YEL,85,2,JOD,4,,,,,,,
YEL,85,2,FHM,1,2,,,,,,
YEL,85,3,WBD,2,9,3,,,,,
YEL,85,3,CRC,18,24,7,4,2,1,,
YEL,85,3,CSR,33,53,6,1,,,,
YEL,85,3,SRD,,5,,,,,,
YEL,106,1,CRC,,14,6,6,,,,
YEL,106,1,CSR,,4,1,,,,,
YEL,106,1,CSH,,,1,,,,,
YEL,106,1,WBD,,7,,,,,,
YEL,106,1,SRD,,2,,,,,,
YEL,106,1,BLG,1,,,,,,,
YEL,106,1,BMS,,1,,,,,,
YEL,106,1,FHM,3,,,,,,,
YEL,106,1,JOD,3,1,,,,,,
YEL,106,1,FTD,1,,,,,,,
YEL,106,2,FTD,12,1,,,,,,
YEL,106,2,WBD,1,14,,,,,,
YEL,106,2,CRC,,1,,,,,,
YEL,106,2,CSR,,7,,,,,,
YEL,106,2,JOD,2,,,,,,,
YEL,106,3,FTD,8,4,,,,,,
YEL,106,3,BMS,1,3,,,,,,
YEL,106,3,FHM,2,1,,,,,,
YEL,106,3,CSR,,3,,,,,,
YEL,106,3,WBD,,1,2,,,,,
YEL,106,3,CRC,,1,1,,,,,
YEL,118,1,BSB,2,,,,,,,
YEL,118,1,LND,,2,,,,,,
YEL,118,1,GSF,3,,,,,,,
YEL,118,2,WSU,,1,1,,1,2,,
YEL,118,2,BSB,3,,,,,,,
YEL,118,2,CSH,,,,1,,,,
YEL,118,2,FHM,1,3,,,,,,
YEL,118,2,GSF,12,,,,,,,
YEL,118,2,LND,,1,,,,,,
YEL,118,3,CRC,3,,8,3,,,,
YEL,118,3,WSU,,,,1,,,,
YEL,118,3,SRD,1,1,,,,,,
YEL,118,3,BSB,3,,,,,,,
YEL,118,3,GSF,3,,,,,,,
YEL,118,3,WBD,,1,,,,,,
YEL,118,3,CSH,,1,1,,,,,
YEL,118,3,FHM,,1,,,,,,
YEL,118b,1,WSU,,,,,2,1,,
YEL,118b,1,GSF,1,,,,,,,
YEL,118b,1,BSB,1,,,,,,,
YEL,118b,2,WSU,,4,5,18,13,4,1,
YEL,118b,2,CRC,,1,,3,2,,,
YEL,118b,2,FHM,6,1,,,,,,
YEL,118b,2,GSF,4,,,,,,,
YEL,118b,2,LND,,1,,,,,,
YEL,118b,2,BLB,,1,,1,,,,
YEL,118b,3,CRC,,1,7,5,1,,,
YEL,118b,3,FHM,2,2,,,,,,
YEL,118b,3,LND,,2,,,,,,
YEL,118b,3,WSU,,1,,6,1,,,
YEL,118b,3,GSF,7,,,,,,,
YEL,125,1,WSU,,,2,2,,,,
YEL,125,1,CRC,5,13,18,5,1,,,
YEL,125,1,CSR,,12,7,2,,,,
YEL,125,1,LND,,1,3,,,,,
YEL,125,1,JOD,3,,,,,,,
YEL,125,2,CRC,,3,,2,,,,
YEL,125,2,CSR,,1,,,,,,
YEL,125,2,WSU,,1,4,,,,,
YEL,125,2,JOD,3,2,,,,,,
YEL,125,3,CSR,,59,11,2,,,,
YEL,125,3,WSU,,,6,2,1,1,,
YEL,125,3,CRC,,12,26,4,2,1,1,
YEL,125,3,JOD,6,3,,,,,,
YEL,125,3,LMB,1,,,,,,,
YEL,153,1,CRC,2,27,21,12,3,5,4,
YEL,153,1,CSR,1,6,18,7,3,,,
YEL,153,1,SRD,3,30,1,,,,,
YEL,153,1,CSH,,26,30,30,8,,,
YEL,153,1,WBD,24,126,29,,,,,
YEL,153,1,WSU,,,8,10,15,19,9,4
YEL,153,1,BMS,4,22,,,,,,
YEL,153,1,BNM,,1,1,,,,,
YEL,153,1,JOD,11,4,,,,,,
YEL,153,1,FTD,36,1,,,,,,
YEL,153,1,BSB,1,,,,,,,
YEL,153,2,CRC,3,14,13,11,9,4,,
YEL,153,2,WSU,,,14,21,8,10,5,12
YEL,153,2,CSH,,3,15,19,3,,,
YEL,153,2,CSR,2,5,67,49,2,,,
YEL,153,2,WBD,10,78,13,,,,,
YEL,153,2,BNM,,5,1,,,,,
YEL,153,2,SRD,1,11,,,1,,,
YEL,153,2,FHM,,2,,,,,,
YEL,153,2,FTD,41,3,,,,,,
YEL,153,2,JOD,2,2,,,,,,
YEL,153,2,BMS,,1,,,,,,
YEL,153,2,LND,,1,,,,,,
YEL,153,3,BNM,1,3,,,,,,
YEL,153,3,CSH,,1,1,7,,,,
YEL,153,3,WBD,20,65,3,,,,,
YEL,153,3,WSU,,1,8,14,7,2,4,3
YEL,153,3,CRC,9,31,14,22,14,4,2,
YEL,153,3,FTD,131,6,,,,,,
YEL,153,3,SRD,11,15,,,,,,
YEL,153,3,CSR,8,3,,,,,,
YEL,153,3,JOD,26,1,,,,,,
YEL,153,3,BMS,,1,,,,,,
YEL,153,3,FHM,35,5,,,,,,
YEL,154,1,CRC,1,1,7,4,1,,,
YEL,154,1,WSU,,,10,15,3,,,
YEL,154,1,JOD,14,1,,,,,,
YEL,154,1,LND,19,,,,,,,
YEL,154,1,CSR,,3,,,,,,
YEL,154,1,LMB,1,,,,,,,
YEL,154,2,CRC,,4,15,11,1,,,
YEL,154,2,WSU,,,12,17,2,1,,2
YEL,154,2,CSR,3,12,,,,,,
YEL,154,2,LMB,1,,,,,,,
YEL,154,2,LND,11,,,,,,,
YEL,154,2,JOD,19,,,,,,,
YEL,154,3,CSR,37,117,7,,,,,
YEL,154,3,CRC,6,5,11,5,,,,
YEL,154,3,WSU,1,2,6,9,2,,1,1
YEL,154,3,LND,13,,,,,,,
YEL,154,3,JOD,31,,,,,,,
YEL,165,1,WSU,,1,,1,11,14,26,52
YEL,165,1,CSH,2,40,29,24,3,,,
YEL,165,1,CRC,6,3,9,1,3,2,,
YEL,165,1,CSR,2,7,2,,,,,
YEL,165,1,LND,1,,1,,,,,
YEL,165,1,FTD,68,,,,,,,
YEL,165,1,HHC,1,9,7,5,,,,
YEL,165,1,WBD,21,17,,,,,,
YEL,165,1,GSF,1,1,,,,,,
YEL,165,1,JOD,5,2,,,,,,
YEL,165,1,SRD,1,5,,,,,,
YEL,165,1,FHM,1,,,,,,,
YEL,165,2,WSU,,,,1,6,18,24,65
YEL,165,2,CRC,5,2,3,1,1,1,2,
YEL,165,2,HHC,,6,,2,1,,,
YEL,165,2,WBD,9,8,,,,,,
YEL,165,2,CSH,1,11,9,6,1,,,
YEL,165,2,JOD,1,,,,,,,
YEL,165,2,FTD,11,6,,,,,,
YEL,165,2,GSF,2,3,,,,,,
YEL,165,2,BNM,1,3,,,,,,
YEL,165,2,CSR,,3,,,,,,
YEL,165,3,SRD,,4,,,,,,
YEL,165,3,LND,,,3,,,,,
YEL,165,3,WSU,,,,,8,5,32,40
YEL,165,3,GSF,,,,2,,,,
YEL,165,3,CRC,2,2,3,2,2,1,,
YEL,165,3,HHC,2,2,1,,1,,,
YEL,165,3,CSH,1,1,3,2,,,,
YEL,165,3,BSB,3,,,,,,,
YEL,165,3,FTD,3,,,,,,,
YEL,165,3,JOD,1,,,,,,,
YEL,165,3,BNM,,,1,,,,,
YEL,165,3,STC,,,,,1,,,
LMAQ,8,1,FTD,16,1,,,,,,
LMAQ,8,1,BSB,3,,,,,,,
LMAQ,8,1,CRC,,1,,,,,,
LMAQ,8,1,Cottus,,1,,,,,,
LMAQ,8,2,FTD,8,,,,,,,
LMAQ,8,2,BSB,3,1,,,,,,
LMAQ,8,2,CRC,1,,,,,,,
LMAQ,8,2,Cottus,,,,1,,,,
LMAQ,8,3,WBD,,,1,,,,,
LMAQ,8,3,FTD,3,1,,,,,,
LMAQ,8,3,BSB,3,,,,,,,
LMAQ,8,3,CRC,3,,,,,,,
LMAQ,20,1,BSB,,1,,,,,,
LMAQ,20,1,CRC,7,9,5,4,,,,
LMAQ,20,1,WBD,,,4,,,,,
LMAQ,20,1,FTD,5,,,,,,,
LMAQ,20,1,SRD,1,,,,,,,
LMAQ,20,2,CRC,1,,,,,,,
LMAQ,20,2,FTD,3,,,,,,,
LMAQ,20,3,BSB,,1,,,,,,
LMAQ,23,1,Cottus,10,19,,,,,,
LMAQ,23,1,Cottus,2,3,3,,,,,
LMAQ,23,2,Cottus,5,10,2,,,,,
LMAQ,23,2,Cottus,,,1,,,,,
LMAQ,23,3,Cottus,17,22,5,,,,,
LMAQ,23,3,Cottus,,1,,,,,,
